{"cameraMode":{"drawMode":0,"name":"Shaded","section":"Shading Mode"},"sceneLighting":true,"audioPlay":false,"sceneViewState":{"m_AlwaysRefresh":false,"showFog":true,"showSkybox":true,"showFlares":true,"showImageEffects":true,"showParticleSystems":true,"showVisualEffectGraphs":true,"m_FxEnabled":true},"in2DMode":false,"pivot":{"x":6.930723667144775,"y":-98.57128143310547,"z":46.934059143066409},"rotation":{"x":0.6545392870903015,"y":-0.026981661096215249,"z":0.023845193907618524,"w":0.7553777694702148},"size":111.79198455810547,"orthographic":false}